threshold,low_upper_bound,mid_upper_bound,n
0,5.387546174140697,6.535724713206207,237
5,5.5568131156420915,6.644558578691259,201
10,5.67080906501013,6.751878461562413,182
